max_value,max_growth_rate,half_max_growth_rate,first_day_half_max,second_day_half_max,duration_half_max
0.8101617445330407,0.025824110905237063,0.012927386701821367,51.0,79.0,29.0
0.9284681092483994,0.029948010044078544,0.015003566088429692,46.0,74.0,29.0
1.019535293568428,0.030776661441578312,0.015439903064298592,45.0,74.0,30.0
0.9768855960390341,0.032718738579573525,0.016385887555614344,46.0,73.0,28.0
0.9011042195624056,0.03111013008316732,0.015572853460691054,47.0,73.0,27.0
0.8738419715010248,0.029472634416327637,0.014755902725440273,47.0,74.0,28.0
0.8101151973410108,0.02763162626484572,0.01382751391295153,50.0,76.0,27.0
0.7801430720089535,0.027711997335755356,0.01386262433135583,52.0,77.0,26.0
0.8663893389326228,0.029668597578691447,0.014851014187738954,48.0,74.0,27.0
0.8411110194260377,0.030491398461673924,0.015257096139705266,48.0,72.0,25.0
0.9026018133692975,0.029391841460668644,0.014718867445269955,48.0,75.0,28.0
0.8455092087153462,0.0298238160278963,0.014922044300885989,50.0,75.0,26.0
0.8591772356910319,0.030029884884319458,0.015028750756481062,48.0,74.0,27.0
0.7743858487472027,0.02424082304330888,0.012139409817971646,50.0,78.0,29.0
0.4291845496574833,0.0,-1.3877787807814457e-11,1.0,2.0,2.0
0.3222285818230804,0.0,-2.7755575615628914e-11,1.0,2.0,2.0
0.9012387629921196,0.028127647377917953,0.01409765274881943,46.0,75.0,30.0
0.8805141073041383,0.030318465904510816,0.015177085947514846,47.0,73.0,27.0
0.3859225749267839,0.0,0.0,1.0,2.0,2.0
0.5791879993576138,0.0,0.0,1.0,2.0,2.0
0.9226524570528198,0.03071446461055949,0.015375364114593275,49.0,75.0,27.0
0.8214628109846738,0.026776873440770288,0.013402345856353788,51.0,78.0,28.0
0.2546334771292877,0.0,0.0,1.0,2.0,2.0
0.20587520298403897,0.0,0.0,1.0,2.0,2.0
0.7460084244981067,0.026166344702094335,0.013096170171857276,48.0,73.0,26.0
0.4542499482344263,0.0,0.0,1.0,2.0,2.0
0.4465423990969011,0.0,0.0,1.0,2.0,2.0
0.5131684853222088,0.0,-2.7755575615628914e-11,1.0,3.0,3.0
0.5549178537550985,0.0,0.0,1.0,2.0,2.0
0.5080527272961171,0.0,0.0,1.0,2.0,2.0
0.430644014991279,0.0,0.0,1.0,2.0,2.0
0.4092966029357529,0.0,0.0,1.0,2.0,2.0
0.35876361947591934,0.0,-2.7755575615628914e-11,1.0,23.0,23.0
0.24312374378940715,0.0,0.0,1.0,2.0,2.0
0.36101106686199896,0.0,0.0,1.0,2.0,2.0
0.4891746774975089,0.0,0.0,1.0,2.0,2.0
0.5001920073564445,0.0,0.0,1.0,2.0,2.0
0.5390177287976263,0.0,-2.7755575615628914e-11,1.0,2.0,2.0
0.3546223019877379,0.0,0.0,1.0,2.0,2.0
0.5356441095677188,0.0,0.0,1.0,2.0,2.0
0.5780767647059136,0.0,0.0,1.0,2.0,2.0
0.5604146059595431,0.0,0.0,1.0,2.0,2.0
0.5210097665036643,0.0,0.0,1.0,2.0,2.0
0.4316227924727761,0.0,0.0,1.0,2.0,2.0
0.40211144644201335,0.0,-2.7755575615628914e-11,1.0,2.0,2.0
0.47823714836698655,0.0,0.0,1.0,2.0,2.0
0.32469203651429324,0.0,-2.7755575615628914e-11,1.0,2.0,2.0
0.5510909922964343,0.0,-2.7755575615628914e-11,1.0,2.0,2.0
0.5313160061520199,0.0,0.0,1.0,2.0,2.0
0.5223474572917021,0.0,0.0,1.0,2.0,2.0
0.5178065515653458,0.0,0.0,1.0,2.0,2.0
0.44081223529410957,0.0,0.0,1.0,2.0,2.0
0.6040913749847663,0.0,0.0,1.0,2.0,2.0
0.5933524668705914,0.0,0.0,1.0,2.0,2.0
0.609042679487199,0.0,0.0,1.0,2.0,2.0
0.626625737898676,0.0,0.0,1.0,2.0,2.0
0.6045909687293242,0.0,0.0,1.0,2.0,2.0
0.5582296479167105,0.0,0.0,1.0,2.0,2.0
0.5392289440711264,0.0,0.0,1.0,2.0,2.0
0.5179149007405808,0.0,-5.551115123125783e-11,1.0,5.0,5.0
0.5050652453384462,0.0,-2.7755575615628914e-11,1.0,3.0,3.0
0.2869363325884541,0.0,-2.7755575615628914e-11,1.0,3.0,3.0
1.0184896214218384,0.03243151619480855,0.016247409885582556,47.0,75.0,29.0
0.9536712753595008,0.03200021517213436,0.016020927682676933,48.0,74.0,27.0
0.9671530972463929,0.028425643394669464,0.014266823207683636,45.0,75.0,31.0
0.9782860886392011,0.02964333439825495,0.014872567952818648,45.0,74.0,30.0
0.9810660934298155,0.03201672305053194,0.01604646755453006,44.0,71.0,28.0
0.9145053940262837,0.0306667426730467,0.01535966883898837,46.0,72.0,27.0
0.40687584395417503,0.0,0.0,1.0,2.0,2.0
0.39185551756277937,0.0,0.0,1.0,2.0,2.0
0.4763350124027281,0.0,0.0,1.0,2.0,2.0
0.49118431217887,0.0,0.0,1.0,2.0,2.0
0.608485555555555,0.0,0.0,1.0,2.0,2.0
0.6034110415043793,0.0,0.0,1.0,2.0,2.0
0.573394063757309,0.0,-2.7755575615628914e-11,1.0,2.0,2.0
0.5480312924178624,0.0,0.0,1.0,2.0,2.0
0.38192796527632655,0.0,-1.3877787807814457e-11,1.0,2.0,2.0
0.37539014406089266,0.0,-1.3877787807814457e-11,1.0,2.0,2.0
0.4076373361872405,0.0,0.0,1.0,2.0,2.0
0.45733416359411333,0.0,-2.7755575615628914e-11,1.0,2.0,2.0
0.41302045788486796,0.0,0.0,1.0,2.0,2.0
0.5774465495477588,0.0,0.0,1.0,2.0,2.0
0.580121659195701,0.0,0.0,1.0,2.0,2.0
0.5746675108995887,0.0,0.0,1.0,2.0,2.0
0.4568688974315672,0.0,0.0,1.0,2.0,2.0
0.3697078472819375,0.0,0.0,1.0,2.0,2.0
0.5449805863684241,0.0,0.0,1.0,2.0,2.0
0.5566329643464814,0.0,0.0,1.0,2.0,2.0
0.5547983341973117,0.0,-2.7755575615628914e-11,1.0,2.0,2.0
0.5785333586070557,0.0,0.0,1.0,2.0,2.0
0.5158624414370931,0.0,0.0,1.0,2.0,2.0
0.4665233257410718,0.0,-2.7755575615628914e-11,1.0,2.0,2.0
0.3947856969468823,0.0,0.0,1.0,2.0,2.0
0.3755470480896965,0.0,0.0,1.0,2.0,2.0
0.36192942207040946,0.0,0.0,1.0,2.0,2.0
0.51356975954112,0.0,0.0,1.0,2.0,2.0
0.3005014902368114,0.0,0.0,1.0,2.0,2.0
0.4585545531942994,0.0,0.0,1.0,2.0,2.0
0.5583561022215007,0.0,0.0,1.0,2.0,2.0
0.5352551588646208,0.0,0.0,1.0,2.0,2.0
0.5294116546203785,0.0,0.0,1.0,2.0,2.0
0.356459455958422,0.0,0.0,1.0,2.0,2.0
0.5676204220812724,0.0,0.0,1.0,2.0,2.0
0.5739041176470807,0.0,0.0,1.0,2.0,2.0
0.569161076635711,0.0,0.0,1.0,2.0,2.0
0.6197397772409486,0.0,0.0,1.0,2.0,2.0
0.5834508823529532,0.0,0.0,1.0,2.0,2.0
0.5916310330884941,0.0,0.0,1.0,2.0,2.0
0.5708967512664699,0.0,0.0,1.0,2.0,2.0
0.6087359891097214,0.0,0.0,1.0,2.0,2.0
0.44796146270900133,0.0,0.0,1.0,2.0,2.0
0.3930291176470823,0.0,0.0,1.0,2.0,2.0
0.4494122455858478,0.0,0.0,1.0,2.0,2.0
0.5594381940214137,0.0,0.0,1.0,2.0,2.0
0.5920390982494352,0.0,0.0,1.0,2.0,2.0
0.5901724561490599,0.0,0.0,1.0,2.0,2.0
0.6047525294116963,0.0,0.0,1.0,2.0,2.0
0.5971556936085949,0.0,0.0,1.0,2.0,2.0
0.5986988823529993,0.0,0.0,1.0,2.0,2.0
0.5672657074514471,0.0,-2.7755575615628914e-11,1.0,2.0,2.0
0.46309472475664737,0.0,0.0,1.0,2.0,2.0
0.9217186582299067,0.0269569329358621,0.013497653303956731,55.0,85.0,31.0
0.8522329643165855,0.028041574118287116,0.014030665517099165,54.0,80.0,27.0
0.8749144505987889,0.026495003802029515,0.01327046802962028,51.0,80.0,30.0
0.5123217221597686,0.0,0.0,1.0,2.0,2.0
0.9620867081647654,0.03146194643699474,0.015749484906881807,50.0,77.0,28.0
0.9617536924863,0.03559355860049962,0.017805995411068372,50.0,73.0,24.0
0.44354857079172955,0.0,0.0,1.0,2.0,2.0
0.9967041696497589,0.03242193163943696,0.016228365573610955,51.0,78.0,28.0
1.0919332612895023,0.03321462604954917,0.016651389572416332,47.0,76.0,30.0
0.5821794037927212,0.0,0.0,1.0,2.0,2.0
0.5769481666666703,0.0,0.0,1.0,2.0,2.0
0.6125323411807713,0.0,0.0,1.0,2.0,2.0
0.5630755144877481,0.0,0.0,1.0,2.0,2.0
0.5478017837428096,0.0,0.0,1.0,2.0,2.0
0.4992755110243393,0.0,0.0,1.0,2.0,2.0
0.424360739849602,0.0,0.0,1.0,2.0,2.0
0.18073259484787696,-1.2906342661267445e-09,-1.304512053934559e-09,1.0,4.0,4.0
0.36038257797480694,0.0,0.0,1.0,2.0,2.0
0.40137396471069114,0.0,0.0,1.0,2.0,2.0
0.61681765187276,0.0,0.0,1.0,2.0,2.0
0.521992517982421,0.0,0.0,1.0,2.0,2.0
0.4180551176470568,0.0,0.0,1.0,2.0,2.0
0.5373774680816854,0.0,0.0,1.0,2.0,2.0
0.5898091315690974,0.0,-5.551115123125783e-11,1.0,9.0,9.0
0.5843726871752543,0.0,0.0,1.0,2.0,2.0
0.5833306174852807,0.0,0.0,1.0,2.0,2.0
0.5095168856879002,0.0,0.0,1.0,2.0,2.0
0.49668703894216526,0.0,0.0,1.0,2.0,2.0
0.5599688437848296,0.0,0.0,1.0,2.0,2.0
0.4977564279352993,0.0,0.0,1.0,2.0,2.0
0.37128952778631025,0.0,0.0,1.0,2.0,2.0
0.454622123559227,0.0,0.0,1.0,2.0,2.0
0.48623675197527294,0.0,0.0,1.0,2.0,2.0
0.5384660242150447,0.0,-5.551115123125783e-11,1.0,33.0,33.0
0.5289330943220494,0.0,0.0,1.0,2.0,2.0
0.4783054462002556,0.0,-2.7755575615628914e-11,1.0,2.0,2.0
0.6041968542114251,0.0,-2.7755575615628914e-11,1.0,2.0,2.0
0.6173081872439322,0.0,0.0,1.0,2.0,2.0
0.6292302482065103,0.0,0.0,1.0,2.0,2.0
0.6210494598044898,0.0,0.0,1.0,2.0,2.0
0.5847791639561791,0.0,0.0,1.0,2.0,2.0
0.5853839947645026,0.0,0.0,1.0,2.0,2.0
0.5388342510591941,0.0,0.0,1.0,2.0,2.0
0.618566756543023,0.0,0.0,1.0,2.0,2.0
0.4161284558741905,0.0,0.0,1.0,2.0,2.0
0.6138211913081687,0.0,-5.551115123125783e-11,1.0,18.0,18.0
0.5133013529411017,0.0,0.0,1.0,2.0,2.0
0.5773376003273594,0.0,0.0,1.0,2.0,2.0
1.066406732818734,0.03488945454765968,0.01747489502895109,47.0,74.0,28.0
0.6416703356056092,0.0,0.0,1.0,2.0,2.0
0.5934989433155142,0.0,0.0,1.0,2.0,2.0
0.5974925294117782,0.0,0.0,1.0,2.0,2.0
0.619112597741639,0.0,0.0,1.0,2.0,2.0
0.6028317513500696,0.0,0.0,1.0,2.0,2.0
0.5229677532429012,0.0,0.0,1.0,2.0,2.0
0.4649198617741137,0.0,0.0,1.0,2.0,2.0
0.5163778981916981,0.0,0.0,1.0,2.0,2.0
0.45220839999652424,0.0,0.0,1.0,2.0,2.0
0.8471686243502378,0.025452435548078967,0.012740434747524183,55.0,85.0,31.0
0.8590675518828037,0.02848002778055303,0.014251668553208679,52.0,79.0,28.0
0.48112695480763357,0.0,0.0,1.0,2.0,2.0
0.5097017021544489,0.0,0.0,1.0,2.0,2.0
0.4855525292906698,0.0,0.0,1.0,2.0,2.0
0.4784245120031524,0.0,0.0,1.0,2.0,2.0
0.4735511858729892,0.0,-1.3877787807814457e-11,1.0,2.0,2.0
0.5256035993126075,0.0,0.0,1.0,2.0,2.0
0.5353084507355118,0.0,-2.7755575615628914e-11,1.0,2.0,2.0
0.5461499111848643,0.0,-2.7755575615628914e-11,1.0,2.0,2.0
0.5520427137830453,0.0,-5.551115123125783e-11,1.0,2.0,2.0
0.537991500001344,0.0,0.0,1.0,2.0,2.0
0.4479827476082093,0.0,-2.7755575615628914e-11,1.0,63.0,63.0
0.4509592859488333,0.0,0.0,1.0,2.0,2.0
0.5230693871640228,0.0,-2.7755575615628914e-11,1.0,2.0,2.0
0.5742318235294301,0.0,0.0,1.0,2.0,2.0
0.34888336039952406,0.0,-1.3877787807814457e-11,1.0,2.0,2.0
0.4248717358205515,0.0,0.0,1.0,2.0,2.0
1.0568485125211575,0.03211184906870557,0.01609772111826045,47.0,76.0,30.0
0.6065546672378569,0.0,-2.7755575615628914e-11,1.0,2.0,2.0
0.5714998641277261,0.0,0.0,1.0,2.0,2.0
0.4571024964608698,0.0,0.0,1.0,2.0,2.0
0.4316516791748696,0.0,0.0,1.0,2.0,2.0
0.6042565605324963,0.0,0.0,1.0,2.0,2.0
0.6023119318665379,0.0,0.0,1.0,2.0,2.0
0.6112110574364087,0.0,0.0,1.0,2.0,2.0
1.0193944253217795,0.034431363593601105,0.0172378488742732,48.0,74.0,27.0
1.0523261141983271,0.031341069239854136,0.015716147513814352,47.0,77.0,31.0
0.6304330604333732,0.0,0.0,1.0,2.0,2.0
0.5212498800775943,0.0,0.0,1.0,2.0,2.0
0.5168523421051818,0.0,0.0,1.0,2.0,2.0
0.4408083384457047,0.0,0.0,1.0,2.0,2.0
0.5372543425628539,0.0,0.0,1.0,2.0,2.0
0.5743771886905704,0.0,0.0,1.0,2.0,2.0
0.5681731486224526,0.0,0.0,1.0,2.0,2.0
0.565203953512612,0.0,0.0,1.0,2.0,2.0
0.6059222281116062,0.0,0.0,1.0,2.0,2.0
1.030377967570058,0.03386392999349397,0.016966225415793006,45.0,72.0,28.0
0.6152594075738474,0.0,0.0,1.0,2.0,2.0
0.47523102475199225,0.0,0.0,1.0,2.0,2.0
0.5983576426871379,0.0,-2.7755575615628914e-11,1.0,2.0,2.0
1.077016177912748,0.033071260452377516,0.01658196283242457,46.0,75.0,30.0
1.0678906598494788,0.034204821364181015,0.0171408127152444,46.0,73.0,28.0
1.0767074977198068,0.02927475439840066,0.01472712117154499,45.0,77.0,33.0
0.5873979413792944,0.0,0.0,1.0,2.0,2.0
0.37131225387930766,0.0,0.0,1.0,2.0,2.0
0.533183456830178,0.0,-2.7755575615628914e-11,1.0,2.0,2.0
0.537454699978539,0.0,-2.7755575615628914e-11,1.0,2.0,2.0
0.6417193399830752,0.0,0.0,1.0,2.0,2.0
0.5853515748225958,0.0,0.0,1.0,2.0,2.0
0.579055340188175,0.0,0.0,1.0,2.0,2.0
1.0636125141214865,0.030276689322317196,0.015210489468701991,45.0,76.0,32.0
1.0840797461821023,0.035907922413258575,0.017986422005435154,46.0,73.0,28.0
0.5999343356615927,0.0,0.0,1.0,2.0,2.0
0.5989333723109826,0.0,0.0,1.0,2.0,2.0
0.5627204488174318,0.0,0.0,1.0,2.0,2.0
0.5273448302252544,0.0,0.0,1.0,2.0,2.0
0.6205188255638208,0.0,0.0,1.0,2.0,2.0
0.5007477891742139,0.0,-2.7755575615628914e-11,1.0,2.0,2.0
0.8206732930913093,0.02619863648245513,0.01311104299055925,53.0,81.0,29.0
0.8140119320575494,0.026933790558958393,0.013476253209159645,53.0,80.0,28.0
0.800102171845271,0.021571434305478476,0.01084033332570582,47.0,80.0,34.0
0.8931419287603978,0.03045270532964217,0.01524571248247091,47.0,73.0,27.0
0.9040109072933399,0.030071034357037618,0.015059278204841318,47.0,73.0,27.0
0.8712160141905076,0.027150852677237935,0.013611156843084489,46.0,74.0,29.0
0.41711390841479923,-2.220446049250313e-09,-2.248201624865942e-09,1.0,5.0,5.0
0.48051734656950845,-8.326672684688674e-11,-1.249000902703301e-10,2.0,9.0,8.0
0.5544616964859002,0.0,-5.551115123125783e-11,1.0,5.0,5.0
0.498349103798983,0.0,-2.7755575615628914e-11,1.0,2.0,2.0
0.6053406875234033,0.0,0.0,1.0,2.0,2.0
0.6007448971850907,0.0,-5.551115123125783e-11,1.0,6.0,6.0
0.5164568597003545,-5.551115123125783e-11,-1.1102230246251565e-10,1.0,32.0,32.0
0.47466737888262817,0.0,-2.7755575615628914e-11,1.0,18.0,18.0
0.44875843247484953,0.0,-2.7755575615628914e-11,1.0,7.0,7.0
0.4918775140311829,-8.326672684688674e-11,-1.249000902703301e-10,1.0,42.0,42.0
0.562039968242118,0.0,-5.551115123125783e-11,1.0,2.0,2.0
0.5327722137454816,0.0,-5.551115123125783e-11,1.0,4.0,4.0
0.5803317262802064,0.0,-2.7755575615628914e-11,1.0,2.0,2.0
1.0655600481425196,0.03144974658475519,0.015773040121491156,47.0,77.0,31.0
0.6362176721936456,0.0,0.0,1.0,2.0,2.0
0.5898753786536479,0.0,0.0,1.0,2.0,2.0
0.5293236663978131,0.0,-2.7755575615628914e-11,1.0,2.0,2.0
0.5001669489090416,0.0,-2.7755575615628914e-11,1.0,2.0,2.0
0.5854513722583246,0.0,-2.7755575615628914e-11,1.0,2.0,2.0
0.6090273556546668,0.0,-2.7755575615628914e-11,1.0,2.0,2.0
0.5512147106651114,0.0,-2.7755575615628914e-11,1.0,2.0,2.0
0.4945839340160226,0.0,0.0,1.0,2.0,2.0
0.5151003701987363,0.0,-2.7755575615628914e-11,1.0,2.0,2.0
0.5515626571468416,0.0,0.0,1.0,2.0,2.0
0.6159605973570816,0.0,-5.551115123125783e-11,1.0,56.0,56.0
0.5700190642455705,0.0,-2.7755575615628914e-11,1.0,2.0,2.0
0.5974180614936433,0.0,-2.7755575615628914e-11,1.0,2.0,2.0
0.6245109991378918,0.0,0.0,1.0,2.0,2.0
0.5715021176470902,0.0,0.0,1.0,2.0,2.0
0.5585779993046911,0.0,0.0,1.0,2.0,2.0
0.5000634932439296,0.0,-2.7755575615628914e-11,1.0,2.0,2.0
0.47647912702922973,0.0,0.0,1.0,2.0,2.0
0.4091201010304483,0.0,-2.7755575615628914e-11,1.0,12.0,12.0
0.5375026433700778,0.0,-2.7755575615628914e-11,1.0,2.0,2.0
0.5062235527163683,0.0,0.0,1.0,2.0,2.0
0.6402509935849593,0.0,0.0,1.0,2.0,2.0
0.6421941000475456,0.0,0.0,1.0,2.0,2.0
0.588074513651886,0.0,-2.7755575615628914e-11,1.0,2.0,2.0
0.5684877199267641,0.0,-5.551115123125783e-11,1.0,11.0,11.0
0.35763395258338754,-2.1094237467877974e-09,-2.151057110211241e-09,1.0,21.0,21.0
0.47078118267507785,-2.7755575615628914e-11,-6.938893903907228e-11,1.0,18.0,18.0
0.6162676056665203,0.0,-5.551115123125783e-11,1.0,3.0,3.0
0.46431961907002495,-9.159339953157541e-10,-9.575673587391975e-10,1.0,2.0,2.0
0.6134809805284606,0.0,-5.551115123125783e-11,1.0,8.0,8.0
0.6157473834072481,0.0,-5.551115123125783e-11,1.0,5.0,5.0
0.640004204435059,0.0,-5.551115123125783e-11,1.0,24.0,24.0
0.664746176470658,0.0,0.0,1.0,2.0,2.0
1.0898862693415263,0.03086001293395313,0.015506919792023562,45.0,76.0,32.0
1.046490449265141,0.03495536310405001,0.017501557478908907,48.0,74.0,27.0
1.0557474370886974,0.03532452297339006,0.017686781706845678,47.0,74.0,28.0
0.6076422203521855,0.0,0.0,1.0,2.0,2.0
0.6464862222222215,0.0,0.0,1.0,2.0,2.0
0.48741888506314135,0.0,-2.7755575615628914e-11,1.0,87.0,87.0
0.7007388448254122,0.022875422833745773,0.01144132430849362,61.0,88.0,28.0
0.7277729948997165,0.02457562495172816,0.012291112807580504,60.0,86.0,27.0
0.5323827137836019,0.021828677032598165,0.010914477974897413,68.0,90.0,23.0
0.7373198284383669,0.02085597186618493,0.010441002496864672,58.0,90.0,33.0
0.9973675756548441,0.02923427236400933,0.014658099517104919,48.0,78.0,31.0
0.9296427836047666,0.03227098213653967,0.016148219642805092,50.0,75.0,26.0
0.6336363374241382,0.023152169015272506,0.011577188647355378,62.0,87.0,26.0
0.7230124275897366,0.023134126558854717,0.011571661071870356,60.0,88.0,29.0
1.0511799003619915,0.03321068930972615,0.01662997033439681,50.0,78.0,29.0
1.0120310981559877,0.031413014411896256,0.01573521619393451,49.0,77.0,29.0
1.02189604210483,0.02945987581659537,0.01477988609009163,47.0,78.0,32.0
0.9397361960728544,0.02803384907545947,0.014052788393397516,48.0,78.0,31.0
0.9686978581123469,0.028997076295667057,0.014529307732603176,50.0,79.0,30.0
0.9454297556424911,0.0323183043937636,0.01617321654724701,50.0,76.0,27.0
0.8864459081498393,0.025197561370760013,0.012625885899124074,52.0,84.0,33.0
0.8970538075009675,0.025725793939557207,0.012893266781207734,51.0,82.0,32.0
0.9494485941243613,0.02747609076370061,0.01377444089898424,49.0,80.0,32.0
1.0004201242350397,0.031033094094468083,0.015540934915654203,50.0,79.0,30.0
1.0009708452921393,0.026720383128342462,0.013419464080211517,49.0,82.0,34.0
1.0475463158004108,0.027509571787209808,0.013839494089357834,46.0,80.0,35.0
1.0632910606258548,0.033625807582815526,0.01684824046244279,47.0,75.0,29.0
0.9966096625645893,0.03374138379808045,0.016887859888645034,49.0,75.0,27.0
0.41368339056547654,-1.8318679906315083e-09,-1.8596235662471372e-09,1.0,2.0,2.0
0.561916766779785,0.0,-2.7755575615628914e-11,1.0,2.0,2.0
0.5488528747278817,-4.440892098500626e-09,-4.496403249731884e-09,1.0,27.0,27.0
0.5290145883894359,-2.275957200481571e-09,-2.3314683517128287e-09,1.0,2.0,2.0
0.5655761688576524,-3.3861802251067274e-09,-3.469446951953614e-09,1.0,30.0,30.0
0.6105951347246571,-2.942091015256665e-09,-2.9976021664879227e-09,2.0,9.0,8.0
0.5560442412990503,-2.7755575615628914e-09,-2.858824288409778e-09,1.0,11.0,11.0
0.4347368179245535,-1.4432899320127035e-09,-1.4710455076283324e-09,1.0,12.0,12.0
0.41145576703353154,-1.6653345369377348e-09,-1.6930901125533637e-09,1.0,5.0,5.0
0.4348326449742741,-1.8596235662471372e-09,-1.887379141862766e-09,1.0,2.0,2.0
0.45734262325596997,-2.4147350785597155e-09,-2.456368441983159e-09,1.0,8.0,8.0
0.4981894872149673,-3.0253577421035516e-09,-3.0808688933348094e-09,3.0,8.0,6.0
0.5775497523746542,-5.773159728050814e-09,-5.800915303666443e-09,1.0,3.0,3.0
0.5072276835406297,-2.1649348980190553e-09,-2.220446049250313e-09,1.0,3.0,3.0
0.40007740499418926,-1.7486012637846216e-09,-1.7763568394002505e-09,1.0,3.0,3.0
0.3724255332378882,-2.4702462297909733e-09,-2.4980018054066022e-09,2.0,5.0,4.0
0.4113139078267962,-2.275957200481571e-09,-2.3175905639050143e-09,1.0,7.0,7.0
0.44638035212447524,-1.942890293094024e-09,-1.9845236565174673e-09,1.0,11.0,11.0
0.45719072033735636,-1.6653345369377348e-09,-1.7069679003611782e-09,1.0,6.0,6.0
0.6162409969880023,-5.551115123125783e-11,-1.1102230246251565e-10,1.0,7.0,7.0
0.5725427151411554,0.0,-5.551115123125783e-11,1.0,5.0,5.0
0.23584623934849297,-1.2351231148954867e-09,-1.2559397966072083e-09,1.0,9.0,9.0
0.49026583133290963,-2.275957200481571e-09,-2.3175905639050143e-09,1.0,7.0,7.0
0.4840822935594358,-1.5265566588595902e-09,-1.5543122344752192e-09,1.0,22.0,22.0
0.5527570021233247,-4.274358644806853e-09,-4.3298697960381105e-09,3.0,39.0,37.0
0.6158824055372545,-1.0547118733938987e-09,-1.1102230246251565e-09,1.0,7.0,7.0
0.5347495243053161,-5.329070518200751e-09,-5.384581669432009e-09,1.0,6.0,6.0
1.0863819069270544,0.032377619529899704,0.016237271845272964,47.0,76.0,30.0
1.0984554157018485,0.03225750766500113,0.016181511304855106,47.0,77.0,31.0
1.0772272068512097,0.02921506780939609,0.014688855453368413,46.0,78.0,33.0
0.6569912104982425,0.0,0.0,1.0,2.0,2.0
1.0933699854450865,0.03507448392836565,0.01757062440126979,47.0,75.0,29.0
1.0292271938919297,0.030570496689641402,0.015334127610554379,46.0,76.0,31.0
0.6606017647058844,0.0,0.0,1.0,2.0,2.0
0.6360852052221956,0.0,0.0,1.0,2.0,2.0
0.618053810627731,0.0,-2.7755575615628914e-11,1.0,2.0,2.0
0.45327645912198317,0.0,-2.7755575615628914e-11,1.0,2.0,2.0
0.6842645947114285,0.02205252278009162,0.011030450478581772,60.0,88.0,29.0
0.7410183172992542,0.02277709565401409,0.01139922599474835,55.0,84.0,30.0
0.8794271382567753,0.024721814734229852,0.012407997976602919,48.0,79.0,32.0
0.8058351010358807,0.027549324765896444,0.013784134536817318,52.0,77.0,26.0
0.8307238757924615,0.026657639679017464,0.013342202590755433,52.0,80.0,29.0
0.8864550377012514,0.027582802958336927,0.013811407864578558,51.0,79.0,29.0
0.8087383631067373,0.030009058155089363,0.015007978646408744,55.0,79.0,25.0
0.7236317845973796,0.025692923094622344,0.012852647154272843,52.0,77.0,26.0
0.9232514852213664,0.025919640628258023,0.01300333441086026,49.0,80.0,32.0
0.8696883043598572,0.02905052770563188,0.01453566763677007,53.0,79.0,27.0
0.8802758931974768,0.027554255904727043,0.013801211544648145,49.0,77.0,29.0
0.8594809578894483,0.028879420216343377,0.014454764418353222,49.0,76.0,28.0
0.7559827121841881,0.021083982948422175,0.010566752026258912,53.0,85.0,33.0
0.8410484723061175,0.02421738948266139,0.012141758174317183,49.0,80.0,32.0
0.8134477606074085,0.02460473197407609,0.012330919610858884,48.0,78.0,31.0
0.7674061841083538,0.024560070394086253,0.012294220549520745,51.0,79.0,29.0
0.9376850402395288,0.026951584075618484,0.013543298435253915,44.0,75.0,32.0
0.9863068786107889,0.03015183219767792,0.015116271999670314,47.0,75.0,29.0
0.9956790330012818,0.030984485921425886,0.015535279946742985,45.0,74.0,30.0
0.8623680014576972,0.025450949708849535,0.012763171456693515,47.0,77.0,31.0
0.8020142642010162,0.030304199205577476,0.015155827559047926,54.0,77.0,24.0
0.8083953319759621,0.030219205582326936,0.015112255558744604,56.0,80.0,25.0
0.9458604430065892,0.028011729324983747,0.014038098526669967,49.0,79.0,31.0
0.8035044697710277,0.027068854935308195,0.013544955053665972,51.0,78.0,28.0
0.5702371486327318,0.02701621126810494,0.013510436491781519,45.0,63.0,19.0
0.7719184576648453,0.028109626820649325,0.014070018762066098,45.0,70.0,26.0
0.8957067248945683,0.026487469328984048,0.013293595363178187,45.0,75.0,31.0
0.9282153979335231,0.028054966710877594,0.014060012197715912,48.0,78.0,31.0
0.9214358983222053,0.03210857715818527,0.016064441327946398,51.0,77.0,27.0
0.8194207345808757,0.026682036385894392,0.013354675792521045,51.0,78.0,28.0
0.8058729704106538,0.023835106999214872,0.011946677879517151,49.0,79.0,31.0
0.7692886922268727,0.025940624009956892,0.012982274811944175,50.0,76.0,27.0
0.7047992089429692,0.02494706649591727,0.012493225593233686,44.0,69.0,26.0
0.8602932546668515,0.029450497429639455,0.014745440129955737,46.0,72.0,27.0
0.8715002094941409,0.030256873367884296,0.015143443500972777,48.0,74.0,27.0
0.5121083515004647,-1.8318679906315083e-09,-1.887379141862766e-09,1.0,3.0,3.0
0.5333124969349141,0.012760344170192894,0.0064296683756803925,49.0,87.0,39.0
0.8866612343593728,0.024668498271873673,0.012393150845889465,46.0,78.0,33.0
0.846206629651577,0.028463052303973058,0.014239835158376086,54.0,80.0,27.0
0.5038571855479734,-2.831068712794149e-09,-2.886579864025407e-09,1.0,3.0,3.0
0.8233471234886528,0.02486051572936354,0.01247811727569611,44.0,73.0,30.0
0.49255648876059366,-1.3877787807814457e-09,-1.4432899320127035e-09,1.0,3.0,3.0
0.40960679623143637,-1.1657341758564144e-09,-1.2073675392798577e-09,1.0,2.0,2.0
0.2946644854693036,-1.4710455076283324e-09,-1.4988010832439613e-09,5.0,44.0,40.0
0.5568355050110674,0.0,0.0,1.0,2.0,2.0
0.5791313702311641,0.018681024199773688,0.009347641049600112,54.0,82.0,29.0
0.32564552550864656,0.0,0.0,1.0,2.0,2.0
0.4293890771035549,-2.248201624865942e-09,-2.2898349882893854e-09,3.0,25.0,23.0
0.5454546791646566,-2.6645352591003757e-09,-2.6922908347160046e-09,1.0,2.0,2.0
0.5503507732237034,-2.7200464103316335e-09,-2.7755575615628914e-09,1.0,7.0,7.0
0.32689652417556436,-1.609823385706477e-09,-1.6237011735142914e-09,1.0,3.0,3.0
0.9429854935144095,0.029822518538002996,0.014934437302834546,49.0,77.0,29.0
0.5261021377857811,-1.6653345369377348e-09,-1.6930901125533637e-09,1.0,2.0,2.0
0.5085816141053073,0.0,0.0,1.0,2.0,2.0
0.5389812586608759,-2.942091015256665e-09,-2.9976021664879227e-09,1.0,3.0,3.0
0.5663385,0.0,0.0,1.0,2.0,2.0
0.7497556766659216,0.020335597566978336,0.010201137232705064,51.0,84.0,34.0
0.8342741501680184,0.027379916694991735,0.013711027370866442,48.0,74.0,27.0
0.9356408257486242,0.02961489120600902,0.014836156244060391,47.0,75.0,29.0
0.9127343190450184,0.025790607149911438,0.012945378778081483,47.0,78.0,32.0
0.8665613871518102,0.02490767317397946,0.012502597659507777,46.0,77.0,32.0
0.8320643915653821,0.02343280608441134,0.011758600381280232,48.0,79.0,32.0
0.81411909650542,0.024244704716069876,0.012148766853219183,50.0,79.0,30.0
0.9718490654088571,0.028701322235535898,0.014403663997820558,45.0,75.0,31.0
1.0324639135880163,0.03423964395343759,0.017151640626254162,46.0,72.0,27.0
0.9754792840421146,0.03228386682985196,0.016175796272647862,45.0,71.0,27.0
0.9259097137510759,0.02871616677779798,0.0144056281399128,44.0,73.0,30.0
1.0183671933883982,0.02904972845607645,0.014594709656307395,45.0,76.0,32.0
0.9981174609946355,0.029868559070500567,0.014975738311712086,47.0,77.0,31.0
1.010551732750149,0.033226863760393854,0.016644145129225383,46.0,73.0,28.0
1.023126125856672,0.03400873702097407,0.017033466386085307,46.0,73.0,28.0
0.9927509382408146,0.03467313083871382,0.017356638581619063,47.0,72.0,26.0
0.8642808807117913,0.02987560840383985,0.014943198708935084,56.0,81.0,26.0
0.9726094357489372,0.0298299792089729,0.014969194551061552,44.0,73.0,30.0
0.9614107719743712,0.028851721622924487,0.01447614827868645,45.0,75.0,31.0
0.883047349585912,0.03134211640221096,0.015678544281488325,52.0,77.0,26.0
0.9466256542867744,0.03195018066781685,0.01599559214391559,48.0,74.0,27.0
0.9181660074102761,0.028137351476553718,0.01409860839995925,48.0,77.0,30.0
0.7178991869045374,0.0247251644436286,0.01236672774322756,57.0,82.0,26.0
0.8433371918988927,0.03279711918713346,0.01640952815712822,46.0,68.0,23.0
0.9052580246184114,0.03500694681357608,0.017512540142834748,47.0,70.0,24.0
0.7506620005519072,0.023149309247294525,0.011597050590089862,49.0,77.0,29.0
0.7729648863597001,0.025022784039263612,0.01252958938424036,49.0,76.0,28.0
0.8478409412324924,0.0291752503545073,0.014601677250858846,49.0,74.0,26.0
0.755671367820606,0.02939372717447597,0.014699449738662764,54.0,77.0,24.0
0.8145833212968394,0.0302142841579478,0.015115144657466079,49.0,73.0,25.0
0.6971608612614711,0.024353764144224854,0.012179962265654536,58.0,83.0,26.0
0.7615572154268444,0.02893827621974765,0.014473181232549133,52.0,76.0,25.0
0.6327080008519372,0.02037075569338853,0.010190838006514883,57.0,85.0,29.0
0.7545715051756982,0.02469872703581011,0.01236057547752235,52.0,79.0,28.0
0.845727639776833,0.02816198896304911,0.014096086449788037,50.0,76.0,27.0
0.8335953474304337,0.03127576719830216,0.015643018688265398,52.0,76.0,25.0
0.9127432181957131,0.03730893666231694,0.018658658453577764,50.0,72.0,23.0
0.8789184597265381,0.03250106070384895,0.01625698840446204,51.0,75.0,25.0
0.8357499521903975,0.02930046366644845,0.014660635076446075,50.0,75.0,26.0
0.850257277187247,0.03216317603915719,0.016086852627047368,52.0,75.0,24.0
0.8258112633236121,0.03395375358650199,0.016979102432336426,53.0,75.0,23.0
0.7805043558129181,0.03299625281338869,0.016499336878369245,55.0,76.0,22.0
0.5749937872737197,0.019354150310180174,0.00967937969863271,61.0,87.0,27.0
0.7595162829580132,0.03032904349886678,0.015166218251506464,56.0,78.0,23.0
0.3584006317058112,0.016595853413736705,0.00829796390736959,66.0,85.0,20.0
0.8585805443514137,0.029745250124113554,0.014883982779496659,50.0,76.0,27.0
0.8659418787767382,0.030305369463912157,0.015165418814855012,49.0,74.0,26.0
0.9129506731396899,0.03196624501211609,0.015995538617870775,50.0,75.0,26.0
0.8120245193590664,0.02779973029554128,0.01391007882194247,51.0,77.0,27.0
0.5850471217713017,0.017398137291957383,0.008709771671873727,55.0,85.0,31.0
0.6610267171402965,0.023586917474727187,0.01179865733985094,53.0,77.0,25.0
0.37230618785008385,0.012384782324681431,0.00619406270141178,61.0,88.0,28.0
0.8143440345605408,0.030405293394153432,0.01520969689363744,50.0,74.0,25.0
0.4363215115602993,0.016950255726788654,0.008475499673693118,64.0,86.0,23.0
0.3004080859176917,0.020774091766262437,0.010387045900217794,73.0,86.0,14.0
0.7410598406725754,0.027179737349669608,0.013595945191227187,51.0,75.0,25.0
0.7449740216670004,0.025315020885097184,0.012671756363777289,48.0,74.0,27.0
0.37783736771778703,0.0,0.0,1.0,2.0,2.0
0.8828945376207257,0.025366097139434274,0.012734307585602093,46.0,77.0,32.0
0.5483989689349258,0.0,0.0,1.0,2.0,2.0
0.9873580028523709,0.028715461286576982,0.014427309879324474,44.0,74.0,31.0
0.6600065878859862,0.0,-5.551115123125783e-11,1.0,3.0,3.0
0.5634752907827031,0.0,-5.551115123125783e-11,1.0,4.0,4.0
0.967143079000595,0.029390165551257397,0.01473027761878941,48.0,77.0,30.0
0.9376586575424241,0.03241948354215651,0.01622528816171658,49.0,74.0,26.0
0.7797678731275086,0.025065318126626934,0.012555908873918865,47.0,75.0,29.0
0.596586001150486,0.0,0.0,1.0,2.0,2.0
0.5031205357029892,-2.886579864025407e-09,-2.942091015256665e-09,2.0,4.0,3.0
0.9824800163763754,0.030952402141348756,0.015510608654092017,47.0,75.0,29.0
1.018913593106728,0.03377347246313889,0.016912718497522985,47.0,74.0,28.0
0.941546563376746,0.03199940531994905,0.016014571880053636,50.0,76.0,27.0
0.8906782753852261,0.031254137333736054,0.015634646505747286,53.0,78.0,26.0
0.9993227583708562,0.02878720137267088,0.014434924871511642,49.0,80.0,32.0
0.9887294815550507,0.02945196747594636,0.014764323095540783,48.0,78.0,31.0
0.9746204832178275,0.033838934321295255,0.016934206669265713,49.0,75.0,27.0
1.067041464860606,0.03651655583469804,0.01828328238578838,46.0,72.0,27.0
1.0651984881307206,0.03803009340774821,0.01903267462618932,47.0,72.0,26.0
1.048871331507925,0.037710385591971374,0.018873833354388622,47.0,71.0,25.0
0.9675103912552551,0.038544439417975696,0.019278634422037734,49.0,71.0,23.0
0.7923202083828982,0.032395941207408185,0.016200656489500972,52.0,74.0,23.0
0.9235991759763449,0.031830811902944234,0.0159364298802587,46.0,72.0,27.0
0.9299490961271563,0.03532798806271664,0.017674639459859975,47.0,71.0,25.0
0.8864595445297071,0.03197790510167664,0.01600118476225045,48.0,73.0,26.0
0.8888726038750024,0.03679412544088656,0.01840038137282675,51.0,72.0,22.0
0.8863884360060292,0.03381159413562429,0.016912273404751883,50.0,73.0,24.0
0.8257942697639724,0.03250579944102938,0.01625478344934435,56.0,79.0,24.0
0.739543719228098,0.025228229866280927,0.012617661695582717,59.0,85.0,27.0
0.8908523161030543,0.03128977341115835,0.015663001502988126,46.0,72.0,27.0
0.920657021519894,0.0334584466799015,0.016742381078616184,48.0,72.0,25.0
0.9431087839252553,0.033879130223457565,0.016951529089537988,49.0,73.0,25.0
0.943101424193795,0.0399199600598088,0.01996277471461002,51.0,72.0,22.0
0.8757217951649244,0.03414488450315112,0.017076358372385556,52.0,75.0,24.0
0.8872417491679125,0.03161349929059476,0.01581988766766499,48.0,73.0,26.0
0.8428233359976651,0.03161778583393726,0.015820559050990172,47.0,70.0,24.0
0.8241824505659898,0.034142915716905975,0.01707706286906621,47.0,68.0,22.0
0.8097584977607852,0.030815354684632368,0.015415702828485773,48.0,71.0,24.0
0.938780467705663,0.03324618549904734,0.016640309177168352,47.0,72.0,26.0
0.8037667806679497,0.03217278840561555,0.016089921781646147,51.0,73.0,23.0
0.8426630198324785,0.02993301173592755,0.014974632459058983,51.0,76.0,26.0
0.8647060599337978,0.02942119425863865,0.014720569483519878,52.0,78.0,27.0
0.8381597318728556,0.028663990986332877,0.014347707068883645,48.0,74.0,27.0
0.7929009136588596,0.028317667849497852,0.014168503698282525,49.0,74.0,26.0
0.9196031567770354,0.03220544592119623,0.016117562749521364,48.0,73.0,26.0
0.8865953391425242,0.026809771846991737,0.01344111717112577,47.0,76.0,30.0
0.8910160738694533,0.02583569955194598,0.012970167706776586,45.0,76.0,32.0
0.9067082214706574,0.035705345013958834,0.01785908233601022,49.0,71.0,23.0
0.8364537661886795,0.028828077536235952,0.014425603603497464,50.0,76.0,27.0
0.8582186711741727,0.030926470495629133,0.015476247612952873,48.0,72.0,25.0
0.34704543688435474,0.0,0.0,1.0,2.0,2.0
0.4237770203371619,0.0,0.0,1.0,2.0,2.0
0.38883006511507506,0.0,-1.3877787807814457e-11,1.0,2.0,2.0
0.5004865102496058,0.0,-2.7755575615628914e-11,1.0,2.0,2.0
0.5742061717845338,0.0,-5.551115123125783e-11,1.0,40.0,40.0
0.5472167640258033,0.0,0.0,1.0,2.0,2.0
0.5257682385100135,0.0,0.0,1.0,2.0,2.0
0.39638859831172163,0.0,0.0,1.0,2.0,2.0
0.6568099417773355,0.0,0.0,1.0,2.0,2.0
0.6773715850471823,0.0,0.0,1.0,2.0,2.0
0.633815032074932,0.0,0.0,1.0,2.0,2.0
0.5331218012030541,0.0,0.0,1.0,2.0,2.0
0.6233986499834258,0.0,0.0,1.0,2.0,2.0
0.6257672574954545,0.0,-5.551115123125783e-11,1.0,2.0,2.0
0.5429493916199646,0.0,0.0,1.0,2.0,2.0
0.39531596304359895,0.0,0.0,1.0,2.0,2.0
0.50532992246725,0.0,0.0,1.0,2.0,2.0
0.543871124951307,0.0,0.0,1.0,2.0,2.0
0.6177784445821253,0.0,0.0,1.0,2.0,2.0
0.6448996474117948,0.0,0.0,1.0,2.0,2.0
0.5300536470587992,0.0,0.0,1.0,2.0,2.0
0.5089992492017406,0.0,0.0,1.0,2.0,2.0
0.5393684117646559,0.0,0.0,1.0,2.0,2.0
0.38322210976111226,0.0,0.0,1.0,2.0,2.0
0.5241650636551285,0.0,0.0,1.0,2.0,2.0
0.388908533648332,0.0,0.0,1.0,2.0,2.0
0.5435627455788128,0.0,0.0,1.0,2.0,2.0
0.6057020014245216,0.0,0.0,1.0,2.0,2.0
0.44102636798468486,0.0,0.0,1.0,2.0,2.0
0.4440989070290708,0.0,0.0,1.0,2.0,2.0
0.21846487894551986,0.0,0.0,1.0,2.0,2.0
0.5138534573865144,-5.551115123125783e-11,-1.1102230246251565e-10,1.0,7.0,7.0
0.49837589139795424,0.0,-2.7755575615628914e-11,1.0,3.0,3.0
0.3797254474868948,0.0,0.0,1.0,2.0,2.0
0.3813536124070701,0.0,0.0,1.0,2.0,2.0
0.46380695513084236,0.0,-2.7755575615628914e-11,1.0,2.0,2.0
0.44783618186270785,0.0,0.0,1.0,2.0,2.0
0.5388424770460998,0.0,-2.7755575615628914e-11,1.0,2.0,2.0
0.32773034269134926,0.0,0.0,1.0,2.0,2.0
0.3054482468146522,0.0,0.0,1.0,2.0,2.0
0.40995103199310823,0.0,0.0,1.0,2.0,2.0
0.35276950726769396,0.0,0.0,1.0,2.0,2.0
0.2947673626594359,0.0,0.0,1.0,2.0,2.0
0.4586451111111098,0.0,0.0,1.0,2.0,2.0
0.3690819937130763,0.0,0.0,1.0,2.0,2.0
0.7398476990723399,0.02619957878424728,0.0131034079153361,56.0,81.0,26.0
0.36984489863307163,0.0,0.0,1.0,2.0,2.0
0.9493937350396165,0.03423361738530417,0.01713058712037133,48.0,72.0,25.0
0.9211787149765933,0.030894508368239926,0.015470663993462168,47.0,73.0,27.0
0.5526852436310707,0.0,0.0,1.0,2.0,2.0
0.9242933053959417,0.036382467899498394,0.01819849116716261,48.0,71.0,24.0
0.9653333710802089,0.035436740736249916,0.017731756896244136,47.0,71.0,25.0
0.7988199193390182,0.024614938975986433,0.012323040144844762,52.0,81.0,30.0
0.8338281236006881,0.027797866924972325,0.013907182519495463,54.0,81.0,28.0
0.7845521940643099,0.024127422532105314,0.012076351734985454,54.0,83.0,30.0
0.951494766611867,0.029510159982315542,0.014799160026732119,45.0,73.0,29.0
0.945048441338753,0.0299829343020086,0.015037432168603718,44.0,71.0,28.0
0.9123890157494896,0.03315474222942427,0.016591254970880823,47.0,71.0,25.0
0.8458220099481465,0.030193070849060533,0.01510800587912808,49.0,73.0,25.0
0.853571788510062,0.032178492842538375,0.016097242656162216,49.0,72.0,24.0
0.47362237304813093,0.0,0.0,1.0,2.0,2.0
0.48473223387622005,0.0,0.0,1.0,2.0,2.0
0.43818565534473886,0.0,0.0,1.0,2.0,2.0
0.5352212942566662,0.0,0.0,1.0,2.0,2.0
0.5823803905325391,0.0,-2.7755575615628914e-11,1.0,2.0,2.0
0.5780263517118838,0.0,0.0,1.0,2.0,2.0
0.5558105939270469,0.0,0.0,1.0,2.0,2.0
0.6349162222222255,0.0,0.0,1.0,2.0,2.0
0.6805521366763794,0.0,0.0,1.0,2.0,2.0
1.0452763192532935,0.04248657048400162,0.021248878844814953,49.0,71.0,23.0
0.5355907539789746,0.0,-2.7755575615628914e-11,1.0,2.0,2.0
0.5724283852549018,0.0,0.0,1.0,2.0,2.0
0.6255559512463179,0.0,0.0,1.0,2.0,2.0
0.45665150993813775,0.0,0.0,1.0,2.0,2.0
0.35239241272835536,0.0,0.0,1.0,2.0,2.0
0.5518908080880467,0.0,0.0,1.0,2.0,2.0
0.6473216436550734,0.0,0.0,1.0,2.0,2.0
0.6970236669900073,0.0,0.0,1.0,2.0,2.0
1.093909105493421,0.03823743333075669,0.01914001586713341,47.0,72.0,26.0
1.1236493095152993,0.03615964599967825,0.01811782575795182,46.0,73.0,28.0
0.4369056756000107,0.0,0.0,1.0,2.0,2.0
0.4355409047822101,0.0,0.0,1.0,2.0,2.0
0.6068898935498743,0.0,0.0,1.0,2.0,2.0
0.353823669927995,0.0,0.0,1.0,2.0,2.0
0.5034858235292882,0.0,0.0,1.0,2.0,2.0
0.6022001524009811,0.0,0.0,1.0,2.0,2.0
0.4118133473125947,0.0,0.0,1.0,2.0,2.0
0.5158828888901315,0.0,0.0,1.0,2.0,2.0
0.6368973529406852,0.15922433824200333,0.07961216912100166,1.0,3.0,3.0
0.6070728910845572,0.0,0.0,1.0,2.0,2.0
0.5271257218662981,0.0,-2.7755575615628914e-11,1.0,2.0,2.0
0.6019149374991317,0.15047873438978066,0.07523936719489033,1.0,3.0,3.0
0.43686895464513176,0.0,0.0,1.0,2.0,2.0
0.35167497158785954,0.0,0.0,1.0,2.0,2.0
0.38904894498071996,0.0,0.0,1.0,2.0,2.0
0.31443944507708305,3.608224830031759e-10,3.3306690738754696e-10,2.0,13.0,12.0
0.32369528709473283,0.0,0.0,1.0,2.0,2.0
0.5417744999990005,0.13544362501005658,0.06772181250502829,1.0,3.0,3.0
0.5278275794787479,0.0,0.0,1.0,2.0,2.0
0.4998328606097228,0.0,0.0,1.0,2.0,2.0
0.3904838545613512,0.0,0.0,1.0,2.0,2.0
0.5022702921448617,0.0,0.0,1.0,2.0,2.0
0.6124058124991545,0.1531014531264141,0.07655072656320705,1.0,3.0,3.0
0.5753374498565554,0.0,-2.7755575615628914e-11,1.0,3.0,3.0
0.5070146630829356,0.0,-2.7755575615628914e-11,1.0,3.0,3.0
0.46284715907378526,0.0,0.0,1.0,2.0,2.0
0.7328673780159384,0.02278568630997846,0.011404703122810694,54.0,82.0,29.0
0.752555862394363,0.022825020262740026,0.01144803255071305,46.0,75.0,30.0
0.8674940687969203,0.02822123254531128,0.014135153514997235,47.0,74.0,28.0
0.5309992898091264,0.0,0.0,1.0,2.0,2.0
0.5424388808121977,0.0,0.0,1.0,2.0,2.0
0.348222353307975,0.0,0.0,1.0,2.0,2.0
0.6422141512971377,0.0,0.0,1.0,2.0,2.0
0.600948114229445,0.0,0.0,1.0,2.0,2.0
0.5805605924891679,0.0,0.0,1.0,2.0,2.0
0.5923481924383281,0.0,-5.551115123125783e-11,1.0,5.0,5.0
0.5596032219152915,0.0,0.0,1.0,2.0,2.0
0.536596777776045,0.0,0.0,1.0,2.0,2.0
0.5577965200173244,0.0,0.0,1.0,2.0,2.0
0.5666632352941072,0.0,0.0,1.0,2.0,2.0
0.5753818689859767,0.0,0.0,1.0,2.0,2.0
0.5928368042308158,0.0,0.0,1.0,2.0,2.0
0.6029424265866358,0.0,0.0,1.0,2.0,2.0
0.5820190749472468,0.0,0.0,1.0,2.0,2.0
0.5865433353110386,0.0,0.0,1.0,2.0,2.0
0.6153590215909581,0.0,0.0,1.0,2.0,2.0
0.5791561391274416,0.0,0.0,1.0,2.0,2.0
0.4469602235223805,0.0,0.0,1.0,2.0,2.0
0.5322620980399921,0.0,0.0,1.0,2.0,2.0
0.6432007194436326,0.0,0.0,1.0,2.0,2.0
1.0416122600504565,0.03943216242419112,0.01972623615872199,49.0,72.0,24.0
0.6302667841409222,0.0,0.0,1.0,2.0,2.0
0.6615920534206851,0.0,0.0,1.0,2.0,2.0
0.6737915491845006,0.0,0.0,1.0,2.0,2.0
0.6783655515395733,0.0,-2.7755575615628914e-11,1.0,2.0,2.0
0.6428563378221955,0.0,0.0,1.0,2.0,2.0
0.5368751179082248,0.0,0.0,1.0,2.0,2.0
0.5948757650698094,0.0,0.0,1.0,2.0,2.0
0.5436082863966245,6.106226635438361e-10,5.551115123125783e-10,3.0,7.0,5.0
0.6988263333340085,0.0,0.0,1.0,2.0,2.0
0.6529946089677715,0.0,0.0,1.0,2.0,2.0
1.032547137514146,0.03688368127585662,0.018461333965914168,46.0,71.0,26.0
0.6585717696657297,0.0,0.0,1.0,2.0,2.0
0.5574117759459113,0.0,0.0,1.0,2.0,2.0
0.675822777777776,0.0,0.0,1.0,2.0,2.0
0.6241630514911312,0.0,0.0,1.0,2.0,2.0
0.5382440060753007,0.0,0.0,1.0,2.0,2.0
0.5884111514990173,0.0,0.0,1.0,2.0,2.0
0.5895812563555558,0.0,-5.551115123125783e-11,1.0,2.0,2.0
0.5605572289998993,0.0,-2.7755575615628914e-11,1.0,2.0,2.0
0.6043335184171805,0.0,0.0,1.0,2.0,2.0
0.449898010221539,0.0,0.0,1.0,2.0,2.0
0.3747707949656603,0.0,0.0,1.0,2.0,2.0
0.4552926649122362,0.0,0.0,1.0,2.0,2.0
0.2966335818488802,0.0,-2.7755575615628914e-11,1.0,6.0,6.0
0.32948046994966096,0.0,0.0,1.0,2.0,2.0
0.47009366185460133,0.0,-2.7755575615628914e-11,1.0,29.0,29.0
0.4715511319144636,0.0,-2.7755575615628914e-11,1.0,2.0,2.0
0.36557640018409115,0.0,0.0,1.0,2.0,2.0
0.35254958188954905,0.0,0.0,1.0,2.0,2.0
0.4219839684463646,0.0,0.0,1.0,2.0,2.0
0.4761138265749206,-2.7755575615628914e-11,-6.938893903907228e-11,1.0,2.0,2.0
0.38988902142253123,0.0,0.0,1.0,2.0,2.0
0.4159907423381517,0.0,-2.7755575615628914e-11,1.0,5.0,5.0
0.42343916861903946,0.0,0.0,1.0,2.0,2.0
0.4112666135957119,0.0,0.0,1.0,2.0,2.0
0.5067765094028107,0.0,0.0,1.0,2.0,2.0
0.21870811917409405,0.0,0.0,1.0,2.0,2.0
0.5526978271630925,0.02135081467180555,0.010677789506426984,53.0,76.0,24.0
0.3497586900987271,0.0,0.0,1.0,2.0,2.0
0.9252035809690581,0.03557427258327195,0.017795546588783403,48.0,71.0,24.0
0.8937432419520246,0.03374207779849314,0.0168797382088332,49.0,72.0,24.0
0.39757907488442984,0.0,0.0,1.0,2.0,2.0
0.4872397329612939,0.0,-2.7755575615628914e-11,1.0,2.0,2.0
0.4666098460380512,0.0,0.0,1.0,2.0,2.0
0.48945002121417464,0.0,0.0,1.0,2.0,2.0
0.47216832053722857,0.0,0.0,1.0,2.0,2.0
0.8291731667772431,0.0348937136407379,0.01745018689693481,50.0,71.0,22.0
0.40038426246873277,0.0,0.0,1.0,2.0,2.0
0.2720463386691588,0.0,0.0,1.0,2.0,2.0
1.0062304369402615,0.03915915391949909,0.019587887320985244,48.0,71.0,24.0
1.020701735256901,0.03904414441757709,0.019534619774924072,47.0,70.0,24.0
0.44291367445971347,0.0,0.0,1.0,2.0,2.0
0.9978736586727148,0.04016746496526835,0.020090332196163622,48.0,70.0,23.0
0.5147268888816904,0.0,0.0,1.0,2.0,2.0
0.32755028227352745,0.0,0.0,1.0,2.0,2.0
0.5142633305907455,0.0,-5.551115123125783e-11,1.0,4.0,4.0
0.6282024147690214,0.0,0.0,1.0,2.0,2.0
0.6375205535490084,0.0,0.0,1.0,2.0,2.0
0.6963299503355349,0.0,0.0,1.0,2.0,2.0
1.082402117037993,0.04419457055870879,0.02210514872806019,47.0,69.0,23.0
0.5711444534400096,0.0,0.0,1.0,2.0,2.0
0.7726172130016026,0.033400832238905664,0.01670197607463774,52.0,73.0,22.0
0.4696243188759361,0.0,-2.7755575615628914e-11,1.0,2.0,2.0
0.964499755654117,0.0393312918622879,0.019674508933384842,46.0,68.0,23.0
0.8874910283713795,0.039299950238547154,0.01965306305306544,48.0,68.0,21.0
0.9567718063110531,0.03978015158945247,0.01989712924184366,47.0,68.0,22.0
0.9982952761304268,0.042588092052930904,0.021301448702302408,45.0,66.0,22.0
1.0101862978820884,0.043369981717056305,0.02168987189843296,48.0,68.0,21.0
1.014479547534209,0.039223911452168636,0.019622495344077236,47.0,70.0,24.0
0.42453077245278403,0.0,-1.3877787807814457e-11,1.0,2.0,2.0
0.8590951437324603,0.03487060698526001,0.017443020155303305,46.0,68.0,23.0
0.5847137219697491,0.0,0.0,1.0,2.0,2.0
0.7728266590171105,0.03667482595393068,0.01834002740562707,46.0,64.0,19.0
0.812993110446466,0.036034373235294126,0.018020096602542526,48.0,68.0,21.0
1.0253315472497704,0.04050469748495544,0.02026142035013956,47.0,70.0,24.0
1.0128537752120919,0.04088802590951346,0.020450754491725426,48.0,70.0,23.0
0.8704920722073967,0.03370958920334566,0.01686064045609945,50.0,73.0,24.0
0.3043960832870637,0.0,-1.3877787807814457e-11,1.0,2.0,2.0
0.5510075436309237,0.023972410001515954,0.011988464066701017,48.0,68.0,21.0
0.3584842431957704,0.0,0.0,1.0,2.0,2.0
0.3699735663086048,0.0,0.0,1.0,2.0,2.0
0.5346450393890186,0.0,0.0,1.0,2.0,2.0
0.5226035363246713,0.0,0.0,1.0,2.0,2.0
0.7886028040444069,0.02875956778281008,0.014388322913494553,49.0,74.0,26.0
0.7897600011873565,0.03004861823252547,0.01503077490207897,49.0,73.0,25.0
0.7006646767244297,0.025868823805286212,0.012940974358205253,50.0,74.0,25.0
0.2423074181586828,0.0,0.0,1.0,2.0,2.0
0.5218445010404132,0.018600688184156056,0.00930410953067338,53.0,78.0,26.0
0.45937716912370313,0.019060186734476403,0.009534067210446702,46.0,67.0,22.0
0.7214039729587229,0.027594735135805237,0.013804876978117313,48.0,71.0,24.0
0.7145495965680871,0.02445394900463249,0.012240254169002743,48.0,74.0,27.0
0.683793345175417,0.022741066640907803,0.011388098455997892,47.0,73.0,27.0
0.7239107711410787,0.023593180326075824,0.011812214268949142,49.0,76.0,28.0
0.3850468631574493,0.01822131832918128,0.009110708737219685,63.0,82.0,20.0
0.5606551728277138,0.021040811787331748,0.01052368108460925,52.0,76.0,25.0
0.44826171853337016,0.013099726053900085,0.0065612089255155945,53.0,83.0,31.0
0.7587425615441752,0.027186606688101023,0.013605390991922624,47.0,72.0,26.0
0.7917139910406108,0.02953727815113716,0.014776887545607763,49.0,72.0,24.0
0.767659639971963,0.026124560792428753,0.01307418658682706,50.0,76.0,27.0
0.8258784487896972,0.0341968644235191,0.017102098395935388,50.0,71.0,22.0
0.8910879798195344,0.035140526766230806,0.0175781299620755,47.0,70.0,24.0
0.8677079033658713,0.03760643774164407,0.018806013457592013,50.0,70.0,21.0
0.8766238101839918,0.03742363813286076,0.01871525454101687,49.0,70.0,22.0
0.9022775987354738,0.037882450454329586,0.018945795549961696,48.0,69.0,22.0
0.7527017371300733,0.03916844024121069,0.01958438614598713,55.0,72.0,18.0
0.9528356354939498,0.0383011039828407,0.019157097497639768,48.0,70.0,23.0
0.9257105065364507,0.03544863705351453,0.017735857157742736,46.0,69.0,24.0
0.8673303364563502,0.037918361700528536,0.018962266006165837,49.0,69.0,21.0
0.827295594075078,0.03727079120330323,0.018637183091655754,50.0,70.0,21.0
0.7316142455114129,0.03309724294631167,0.016549862978025326,51.0,71.0,21.0
0.780845773905681,0.03279167934411298,0.016399990806582602,48.0,69.0,22.0
0.7074827609162876,0.029911129073578735,0.014959425456701056,48.0,68.0,21.0
0.6633500613401633,0.03191040273686774,0.015955896158798808,51.0,70.0,20.0
0.7913682515849281,0.03306342594155964,0.01654021909251724,44.0,65.0,22.0
0.8729101844731046,0.03628308287151327,0.0181492377388648,45.0,67.0,23.0
0.9155675206820906,0.03898072936658892,0.019495686826143634,47.0,68.0,22.0
0.9923723602488581,0.041228477742905056,0.02062149935969722,47.0,68.0,22.0
0.9776791209430677,0.041066949285628596,0.02053831609027987,48.0,69.0,22.0
0.9389078907912358,0.039469042339979055,0.019739399890189576,48.0,69.0,22.0
0.7861875603678027,0.03642365151157456,0.018215015244606208,46.0,65.0,20.0
0.9220568200016267,0.04174603271400734,0.020875446871061746,49.0,68.0,20.0
0.8359008106159931,0.043627341045349155,0.021813986166437597,53.0,69.0,17.0
0.8990028985637556,0.03921632368841799,0.019612510198749135,47.0,67.0,21.0
0.6273702103559283,0.03436383694266354,0.017182490981079542,46.0,62.0,17.0
0.7419049894323684,0.0363342158860025,0.018168716073296842,43.0,61.0,19.0
0.9152807402772138,0.037263396951425776,0.018641149614504828,45.0,67.0,23.0
0.9204962262355543,0.03664032124928163,0.018328776033174562,47.0,69.0,23.0
0.9504708995004142,0.037504244515540464,0.0187621578668734,46.0,69.0,24.0
1.0090398478228284,0.04131352016045753,0.020664301565914214,47.0,69.0,23.0
0.757914686562805,0.03403877396612742,0.01702151979630227,49.0,69.0,21.0
0.999408180625344,0.03876824491988451,0.019396712872866723,46.0,69.0,24.0
0.8916967375042559,0.03685578564560643,0.018436945577500478,45.0,66.0,22.0
1.0379144851986528,0.040743267482046264,0.02038500489174027,45.0,68.0,24.0
0.9982404428492432,0.04216049120930876,0.02108643081777622,47.0,68.0,22.0
0.9964353764547159,0.042621030760248146,0.021314860038239538,48.0,69.0,22.0
0.9075111219373625,0.0360574421154336,0.018036205537820624,48.0,70.0,23.0
0.9139632618818122,0.03625348038438503,0.018136524946762416,46.0,68.0,23.0
0.9151299769080069,0.03545701682261537,0.01773783144410146,47.0,70.0,24.0
0.7816105887059801,0.030628799913001714,0.015322730096951984,47.0,69.0,23.0
0.7657508263192941,0.030730525374389472,0.01537098358405143,48.0,70.0,23.0
0.772362422156961,0.031720764903653276,0.015866142984773558,47.0,68.0,22.0
0.8266088894588044,0.03485507443778957,0.017431628163869527,48.0,69.0,22.0
0.6916471194242558,0.028211377012254957,0.014109686162381493,49.0,70.0,22.0
0.6597569616038602,0.025630948113919416,0.01281804928176111,53.0,76.0,24.0
0.7497739747244639,0.03222096892074866,0.016113852543535537,48.0,69.0,22.0
0.7310603960123379,0.030429057912284563,0.015220166008619373,46.0,67.0,22.0
0.5695375883130931,0.023093282675024085,0.011549819729891043,49.0,71.0,23.0
0.6421635023423525,0.023123242931522014,0.011570947334038226,48.0,72.0,25.0
0.610763644601355,0.02235920487647647,0.011190223656315643,46.0,70.0,25.0
0.7563296974463659,0.02899656464938616,0.014504484664787234,49.0,72.0,24.0
0.3664240373453513,0.012512139754838891,0.006259587048309983,53.0,79.0,27.0
